First,Last,Email,Section
Kevin,Buck,kbuck@nd.edu,1
Delaney,Buck,dbuck@nd.edu,3
Griffin,Mulcahy,gmulc@nd.edu,2
Dylan,Taylor,dtaylor@nd.edu,3
Jackson,White,jwhite@nd.edu,2
Hamilton,Sateri,hsateria@nd.edu,1
Alyssa,Miulli,amiulli@nd.edu,1
Alyssa,Suntanto,asuntanto@nd.edu,2
Stuart,Jones,sjones@nd.edu,3
Therese,Riesch,treisch@nd.edu,3
Monica,Nokes,mnokes@nd.edu,2
Chris,Mix,cmix@nd.edu,2
Lydia,Delp,ldelp@nd.edu,1
Gibby,Cerda,gcerda@nd.edu,1